{"count":1,"self":15371.3770496,"total":17641.0228778,"children":{"InitializeActuators":{"count":36,"self":0.0009973,"total":0.0009973,"children":null},"InitializeSensors":{"count":36,"self":0.0009973,"total":0.0009973,"children":null},"AgentSendState":{"count":32053069,"self":59.3625792,"total":133.5773097,"children":{"CollectObservations":{"count":299708,"self":0.23835889999999998,"total":0.23835889999999998,"children":null},"WriteActionMask":{"count":299708,"self":0.2851785,"total":0.2851785,"children":null},"RequestDecision":{"count":299708,"self":1.2840942,"total":73.6911928,"children":{"AgentInfo.ToProto":{"count":299708,"self":1.482548,"total":72.4070986,"children":{"GenerateSensorData":{"count":299708,"self":70.9245504,"total":70.9245506,"children":null}}}}}}},"DecideAction":{"count":32053069,"self":2010.790912,"total":2010.7908433999999,"children":null},"AgentAct":{"count":32053069,"self":37.3620448,"total":119.10140779999999,"children":{"AgentInfo.ToProto":{"count":278604,"self":1.7434361999999999,"total":81.7393635,"children":{"GenerateSensorData":{"count":278604,"self":79.9959296,"total":79.995927299999991,"children":null}}}}},"AgentInfo.ToProto":{"count":21068,"self":0.13633299999999998,"total":6.1732454,"children":{"GenerateSensorData":{"count":21068,"self":6.0369123999999994,"total":6.0369123999999994,"children":null}}}},"gauges":{"PackController.CumulativeReward":{"count":299672,"max":-57.3368378,"min":-3859.35522,"runningAverage":-2634.056,"value":-3197.58032,"weightedAverage":-3034.386}},"metadata":{"timer_format_version":"0.1.0","start_time_seconds":"1670292673","unity_version":"2021.3.13f1","command_line_arguments":"C:\\Program Files\\Unity\\Hub\\Editor\\2021.3.13f1\\Editor\\Unity.exe -projectpath C:\\Users\\DeepThought\\Leghoki_beadando -useHub -hubIPC -cloudEnvironment production -licensingIpc LicenseClient-DeepThought -hubSessionId 8adbe7c0-74ba-11ed-bf7e-8bfe76b2d40f -accessToken jCNWKKLTvtj-x6PJZQLaKetFGDf4dyHnLFWO61hG3Yo007f","communication_protocol_version":"1.5.0","com.unity.ml-agents_version":"2.0.1","scene_name":"SampleScene","end_time_seconds":"1670310314"}}